{
    "total_runtime": 83.68982648849487,
    "num_documents": 1,
    "input_load_time": 0,
    "workflows": {
        "create_base_text_units": {
            "overall": 0.16626214981079102,
            "0_orderby": 0.0018703937530517578,
            "1_zip": 0.0022125244140625,
            "2_aggregate_override": 0.0035982131958007812,
            "3_chunk": 0.13177967071533203,
            "4_select": 0.0023636817932128906,
            "5_unroll": 0.0032401084899902344,
            "6_rename": 0.0025129318237304688,
            "7_genid": 0.002645730972290039,
            "8_unzip": 0.002932310104370117,
            "9_copy": 0.0026819705963134766,
            "10_filter": 0.008720636367797852
        },
        "create_base_extracted_entities": {
            "overall": 50.15113568305969,
            "0_entity_extract": 50.13522458076477,
            "1_merge_graphs": 0.012834310531616211
        },
        "create_summarized_entities": {
            "overall": 0.02886819839477539,
            "0_summarize_descriptions": 0.016185760498046875
        },
        "create_base_entity_graph": {
            "overall": 0.02978658676147461,
            "0_cluster_graph": 0.016361236572265625,
            "1_select": 0.007214069366455078
        },
        "create_final_entities": {
            "overall": 2.7671477794647217,
            "0_unpack_graph": 0.008613824844360352,
            "1_rename": 0.007431745529174805,
            "2_select": 0.007797718048095703,
            "3_dedupe": 0.008260965347290039,
            "4_rename": 0.007850885391235352,
            "5_filter": 0.019832134246826172,
            "6_text_split": 0.0090789794921875,
            "7_drop": 0.008845329284667969,
            "8_merge": 0.010754585266113281,
            "9_text_embed": 2.6378285884857178,
            "10_drop": 0.011003732681274414,
            "11_filter": 0.022746562957763672
        },
        "create_final_nodes": {
            "overall": 0.1773228645324707,
            "0_layout_graph": 0.015679121017456055,
            "1_unpack_graph": 0.01191854476928711,
            "2_unpack_graph": 0.011763334274291992,
            "3_filter": 0.025106430053710938,
            "4_drop": 0.011234521865844727,
            "5_select": 0.011491060256958008,
            "6_rename": 0.01152348518371582,
            "7_join": 0.01825857162475586,
            "8_convert": 0.03799867630004883,
            "9_rename": 0.01229548454284668
        },
        "create_final_communities": {
            "overall": 0.2878117561340332,
            "0_unpack_graph": 0.015369892120361328,
            "1_unpack_graph": 0.014292716979980469,
            "2_aggregate_override": 0.016133546829223633,
            "3_join": 0.02015399932861328,
            "4_join": 0.01927924156188965,
            "5_concat": 0.014076471328735352,
            "6_filter": 0.0323641300201416,
            "7_aggregate_override": 0.016994714736938477,
            "8_join": 0.019692182540893555,
            "9_filter": 0.0332794189453125,
            "10_fill": 0.014710426330566406,
            "11_merge": 0.01585841178894043,
            "12_copy": 0.015105009078979492,
            "13_select": 0.015622138977050781
        },
        "join_text_units_to_entity_ids": {
            "overall": 0.06984090805053711,
            "0_select": 0.016067028045654297,
            "1_unroll": 0.01786351203918457,
            "2_aggregate_override": 0.018408536911010742
        },
        "create_final_relationships": {
            "overall": 0.2814066410064697,
            "0_unpack_graph": 0.024669408798217773,
            "1_filter": 0.08724045753479004,
            "2_rename": 0.0176241397857666,
            "3_filter": 0.03805685043334961,
            "4_drop": 0.018184185028076172,
            "5_compute_edge_combined_degree": 0.021758079528808594,
            "6_convert": 0.036833763122558594,
            "7_convert": 0.018246173858642578
        },
        "join_text_units_to_relationship_ids": {
            "overall": 0.09979414939880371,
            "0_select": 0.018807172775268555,
            "1_unroll": 0.02046370506286621,
            "2_aggregate_override": 0.021445035934448242,
            "3_select": 0.019883394241333008
        },
        "create_final_community_reports": {
            "overall": 24.72610592842102,
            "0_prepare_community_reports_nodes": 0.021081924438476562,
            "1_prepare_community_reports_edges": 0.027803659439086914,
            "2_restore_community_hierarchy": 0.07777857780456543,
            "3_prepare_community_reports": 0.0400385856628418,
            "4_create_community_reports": 24.51607871055603,
            "5_window": 0.02238178253173828
        },
        "create_final_text_units": {
            "overall": 0.1797189712524414,
            "0_select": 0.021883010864257812,
            "1_rename": 0.022223711013793945,
            "2_join": 0.027190208435058594,
            "3_join": 0.027518510818481445,
            "4_aggregate_override": 0.02529621124267578,
            "5_select": 0.023003339767456055
        },
        "create_base_documents": {
            "overall": 0.2610347270965576,
            "0_unroll": 0.024698972702026367,
            "1_select": 0.029237031936645508,
            "2_rename": 0.02429485321044922,
            "3_join": 0.028977632522583008,
            "4_aggregate_override": 0.02597784996032715,
            "5_join": 0.02915477752685547,
            "6_rename": 0.024600982666015625,
            "7_convert": 0.05026888847351074
        },
        "create_final_documents": {
            "overall": 0.06522560119628906,
            "0_rename": 0.02515578269958496
        }
    }
}