{
    "total_runtime": 100.76696515083313,
    "num_documents": 1,
    "input_load_time": 0,
    "workflows": {
        "create_base_text_units": {
            "overall": 0.1592104434967041,
            "0_orderby": 0.0018188953399658203,
            "1_zip": 0.002167224884033203,
            "2_aggregate_override": 0.003469228744506836,
            "3_chunk": 0.12456393241882324,
            "4_select": 0.002410411834716797,
            "5_unroll": 0.00323486328125,
            "6_rename": 0.002539396286010742,
            "7_genid": 0.002829313278198242,
            "8_unzip": 0.003042459487915039,
            "9_copy": 0.0027799606323242188,
            "10_filter": 0.0086517333984375
        },
        "create_base_extracted_entities": {
            "overall": 59.23672413825989,
            "0_entity_extract": 59.21936321258545,
            "1_merge_graphs": 0.014192581176757812
        },
        "create_summarized_entities": {
            "overall": 0.03541374206542969,
            "0_summarize_descriptions": 0.02157282829284668
        },
        "create_base_entity_graph": {
            "overall": 0.0336000919342041,
            "0_cluster_graph": 0.020027637481689453,
            "1_select": 0.00720667839050293
        },
        "create_final_entities": {
            "overall": 16.61958622932434,
            "0_unpack_graph": 0.010444879531860352,
            "1_rename": 0.007744789123535156,
            "2_select": 0.007863521575927734,
            "3_dedupe": 0.008198022842407227,
            "4_rename": 0.007965803146362305,
            "5_filter": 0.020098209381103516,
            "6_text_split": 0.009295463562011719,
            "7_drop": 0.008807897567749023,
            "8_merge": 0.014890432357788086,
            "9_text_embed": 16.483701705932617,
            "10_drop": 0.010121345520019531,
            "11_filter": 0.02330923080444336
        },
        "create_final_nodes": {
            "overall": 0.20311641693115234,
            "0_layout_graph": 0.024228811264038086,
            "1_unpack_graph": 0.013817548751831055,
            "2_unpack_graph": 0.013914346694946289,
            "3_drop": 0.011327505111694336,
            "4_filter": 0.025455951690673828,
            "5_select": 0.011510133743286133,
            "6_rename": 0.011569023132324219,
            "7_convert": 0.03724217414855957,
            "8_join": 0.01854228973388672,
            "9_rename": 0.01252126693725586
        },
        "create_final_communities": {
            "overall": 0.2798733711242676,
            "0_unpack_graph": 0.015770912170410156,
            "1_unpack_graph": 0.016082286834716797,
            "2_aggregate_override": 0.01597142219543457,
            "3_join": 0.01997518539428711,
            "4_join": 0.019425630569458008,
            "5_concat": 0.014287233352661133,
            "6_filter": 0.03207659721374512,
            "7_aggregate_override": 0.017235994338989258,
            "8_join": 0.020034074783325195,
            "9_filter": 0.03336358070373535,
            "10_fill": 0.014873743057250977,
            "11_merge": 0.016703128814697266,
            "12_copy": 0.015398502349853516,
            "13_select": 0.015686511993408203
        },
        "join_text_units_to_entity_ids": {
            "overall": 0.08573746681213379,
            "0_select": 0.017147064208984375,
            "1_unroll": 0.017736434936523438,
            "2_aggregate_override": 0.01886916160583496
        },
        "create_final_relationships": {
            "overall": 0.23061299324035645,
            "0_unpack_graph": 0.020097017288208008,
            "1_filter": 0.038529157638549805,
            "2_rename": 0.017375469207763672,
            "3_filter": 0.03821277618408203,
            "4_drop": 0.018187761306762695,
            "5_compute_edge_combined_degree": 0.02203202247619629,
            "6_convert": 0.03717517852783203,
            "7_convert": 0.018245935440063477
        },
        "join_text_units_to_relationship_ids": {
            "overall": 0.10141658782958984,
            "0_select": 0.019245624542236328,
            "1_unroll": 0.02078533172607422,
            "2_aggregate_override": 0.02140951156616211,
            "3_select": 0.020867109298706055
        },
        "create_final_community_reports": {
            "overall": 18.907809734344482,
            "0_prepare_community_reports_nodes": 0.021250247955322266,
            "1_prepare_community_reports_edges": 0.021753549575805664,
            "2_restore_community_hierarchy": 0.024703502655029297,
            "3_prepare_community_reports": 0.049700260162353516,
            "4_create_community_reports": 18.747325897216797,
            "5_window": 0.022277116775512695
        },
        "create_final_text_units": {
            "overall": 0.23438167572021484,
            "0_select": 0.02197265625,
            "1_rename": 0.022245168685913086,
            "2_join": 0.027626514434814453,
            "3_join": 0.027607440948486328,
            "4_aggregate_override": 0.031505584716796875,
            "5_select": 0.07952213287353516
        },
        "create_base_documents": {
            "overall": 0.25859570503234863,
            "0_unroll": 0.025095224380493164,
            "1_select": 0.02442622184753418,
            "2_rename": 0.024361848831176758,
            "3_join": 0.02904653549194336,
            "4_aggregate_override": 0.026185989379882812,
            "5_join": 0.029449462890625,
            "6_rename": 0.024802446365356445,
            "7_convert": 0.05151629447937012
        },
        "create_final_documents": {
            "overall": 0.05127143859863281,
            "0_rename": 0.025699853897094727
        }
    }
}