{
    "total_runtime": 134.3563268184662,
    "num_documents": 1,
    "input_load_time": 0,
    "workflows": {
        "create_base_text_units": {
            "overall": 0.23454928398132324,
            "0_orderby": 0.0027256011962890625,
            "1_zip": 0.0033125877380371094,
            "2_aggregate_override": 0.0053174495697021484,
            "3_chunk": 0.18149185180664062,
            "4_select": 0.0037076473236083984,
            "5_unroll": 0.0049822330474853516,
            "6_rename": 0.003834962844848633,
            "7_genid": 0.0044460296630859375,
            "8_unzip": 0.004752397537231445,
            "9_copy": 0.004240989685058594,
            "10_filter": 0.013153553009033203
        },
        "create_base_extracted_entities": {
            "overall": 72.10731363296509,
            "0_entity_extract": 72.08296418190002,
            "1_merge_graphs": 0.019599437713623047
        },
        "create_summarized_entities": {
            "overall": 5.558032751083374,
            "0_summarize_descriptions": 5.550267457962036
        },
        "create_base_entity_graph": {
            "overall": 0.05258655548095703,
            "0_cluster_graph": 0.04006195068359375,
            "1_select": 0.006696462631225586
        },
        "create_final_entities": {
            "overall": 13.976622104644775,
            "0_unpack_graph": 0.01836991310119629,
            "1_rename": 0.0072629451751708984,
            "2_select": 0.007417440414428711,
            "3_dedupe": 0.007920026779174805,
            "4_rename": 0.0076372623443603516,
            "5_filter": 0.018990278244018555,
            "6_text_split": 0.00966501235961914,
            "7_drop": 0.008703947067260742,
            "8_merge": 0.027521610260009766,
            "9_text_embed": 13.81955885887146,
            "10_drop": 0.010969877243041992,
            "11_filter": 0.025779247283935547
        },
        "create_final_nodes": {
            "overall": 0.2717585563659668,
            "0_layout_graph": 0.050817012786865234,
            "1_unpack_graph": 0.0232999324798584,
            "2_unpack_graph": 0.022948741912841797,
            "3_filter": 0.02631235122680664,
            "4_drop": 0.016561269760131836,
            "5_select": 0.04232478141784668,
            "6_rename": 0.013838768005371094,
            "7_convert": 0.0361323356628418,
            "8_join": 0.0177457332611084,
            "9_rename": 0.012139081954956055
        },
        "create_final_communities": {
            "overall": 0.2943720817565918,
            "0_unpack_graph": 0.024333953857421875,
            "1_unpack_graph": 0.02346491813659668,
            "2_aggregate_override": 0.015096664428710938,
            "3_join": 0.01912093162536621,
            "4_join": 0.01854395866394043,
            "5_concat": 0.013599157333374023,
            "6_filter": 0.03772711753845215,
            "7_aggregate_override": 0.01746201515197754,
            "8_join": 0.018587112426757812,
            "9_filter": 0.032210350036621094,
            "10_fill": 0.014700889587402344,
            "11_merge": 0.017243385314941406,
            "12_copy": 0.015042543411254883,
            "13_select": 0.014966011047363281
        },
        "join_text_units_to_entity_ids": {
            "overall": 0.08550786972045898,
            "0_select": 0.017180919647216797,
            "1_unroll": 0.01725625991821289,
            "2_aggregate_override": 0.01772141456604004
        },
        "create_final_relationships": {
            "overall": 0.2444753646850586,
            "0_unpack_graph": 0.02841639518737793,
            "1_filter": 0.03950953483581543,
            "2_rename": 0.016881465911865234,
            "3_filter": 0.03722882270812988,
            "4_drop": 0.01743149757385254,
            "5_compute_edge_combined_degree": 0.021402835845947266,
            "6_convert": 0.03622245788574219,
            "7_convert": 0.017862796783447266
        },
        "join_text_units_to_relationship_ids": {
            "overall": 0.09782290458679199,
            "0_select": 0.01863861083984375,
            "1_unroll": 0.02000284194946289,
            "2_aggregate_override": 0.02093815803527832,
            "3_select": 0.01958751678466797
        },
        "create_final_community_reports": {
            "overall": 37.20183801651001,
            "0_prepare_community_reports_nodes": 0.02294182777404785,
            "1_prepare_community_reports_edges": 0.021435260772705078,
            "2_restore_community_hierarchy": 0.02418994903564453,
            "3_prepare_community_reports": 0.17312288284301758,
            "4_create_community_reports": 36.91682696342468,
            "5_window": 0.022188425064086914
        },
        "create_final_text_units": {
            "overall": 0.17785048484802246,
            "0_select": 0.02136373519897461,
            "1_rename": 0.021348237991333008,
            "2_join": 0.026463985443115234,
            "3_join": 0.026899337768554688,
            "4_aggregate_override": 0.024314403533935547,
            "5_select": 0.02283453941345215
        },
        "create_base_documents": {
            "overall": 0.25238633155822754,
            "0_unroll": 0.024359941482543945,
            "1_select": 0.02315664291381836,
            "2_rename": 0.023233652114868164,
            "3_join": 0.02767658233642578,
            "4_aggregate_override": 0.02520132064819336,
            "5_join": 0.028321266174316406,
            "6_rename": 0.02440786361694336,
            "7_convert": 0.05060744285583496
        },
        "create_final_documents": {
            "overall": 0.050286054611206055,
            "0_rename": 0.025218963623046875
        }
    }
}