{
    "total_runtime": 0.3282179832458496,
    "num_documents": 1,
    "input_load_time": 0,
    "workflows": {
        "create_base_text_units": {
            "overall": 0.16605424880981445,
            "0_orderby": 0.0018849372863769531,
            "1_zip": 0.0021789073944091797,
            "2_aggregate_override": 0.0035965442657470703,
            "3_chunk": 0.1316227912902832,
            "4_select": 0.0023889541625976562,
            "5_unroll": 0.003173828125,
            "6_rename": 0.002507925033569336,
            "7_genid": 0.002645254135131836,
            "8_unzip": 0.002970457077026367,
            "9_copy": 0.0027065277099609375,
            "10_filter": 0.008688688278198242
        }
    }
}